ID,ORACLE_Corp,currency,Region,Country_ISO,Cons_Group_Code,Site_Code,SITE_DESC,responsible,Midpoint_Country,dataLockingOwner,Description,Z_CUNIT_RC_PARENTID,Z_CUNIT_RC_PREVID,Z_CUNIT_RC_ORDERID,H_Country_ISO_PARENTID,H_Country_ISO_PREVID,H_Country_ISO_ORDERID,nextLink
#,,USD,,,,,,,,,Unassigned,,,1,,,,
10000,,,,,,,,,,,10000,Z_CUNIT_RC,,1,,,,
1005,CA10,CAD,30000,CA,,,,,Canada,,TEVA CANADA LIMITED,CA10,,1,CA,,1,
1006,CA10,CAD,30000,CA,,,,,Canada,,TEVA CANADA INNOVATION G.P. S.E.N.C.,CA10,1005,2,CA,1005,2,
1007,CA10,CAD,30000,CA,,,,,Canada,,9985247 CANADA INC.,CA10,1006,3,CA,1006,3,
1008,CA10,CAD,30000,CA,,,,,Canada,,1453350 ONTARIO INC.,CA10,1007,4,CA,1007,4,
1065,CA10,CAD,30000,CA,,,,,Canada,,10009474 CANADA INC.,CA10,1008,5,CA,1008,5,
1066,CA10,CAD,30000,CA,,,,,Canada,,PURCHASE ADJUSTMENT COMPANY,CA10,1065,6,CA,1065,6,
1101,US10,USD,10000,US,,,,,United States,,Cephalon LLC,US10,,1,US,,1,
1102,US10,USD,10000,US,,,,,United States,,CIMA LABS INC.,US10,1101,2,US,1101,2,
1103,US10,USD,10000,US,,,,,United States,,ANESTA LLC,US10,1102,3,US,1102,3,
1105,US10,USD,10000,US,,,,,United States,,CEPHALON DEVELOPMENT CORPORATION,US10,1103,4,US,1103,4,
1106,US10,USD,10000,US,,,,,United States,,TEVA HOLDCO US INC,US10,1105,5,US,1105,5,
1107,US10,USD,10000,US,,,,,United States,,EAST END INSURANCE LTD,US10,1106,6,US,1106,6,
1108,US10,USD,10000,US,,,,,United States,,"TEVA PHARMACEUTICALS, INC.",US10,1107,7,US,1107,7,
1110,US10,USD,10000,US,,,,,United States,,ARANA THERAPEUTICS INC.,US10,1108,8,US,1108,8,
1112,US10,USD,10000,US,,,,,United States,,PATIENT SERVICES & SOLUTIONS INC.,US10,1110,9,US,1110,9,
1113,US10,USD,10000,US,,,,,United States,,MICRODOSE THERPEUTX INC.,US10,1112,10,US,1112,10,
1114,US10,USD,10000,US,,,,,United States,,"TEVA PARENTERAL MEDICINES, INC.",US10,1113,11,US,1113,11,
1115,US10,USD,10000,US,,,,,United States,,SICOR INC.,US10,1114,12,US,1114,12,
1116,US10,USD,10000,US,,,,,United States,,"TEVA BIOPHARMACEUTICALS USA, INC.",US10,1115,13,US,1115,13,
1117,US10,USD,10000,US,,,,,United States,,"GOLDLINE LABORATORIES, INC.",US10,1116,14,US,1116,14,
1118,US10,USD,10000,US,,,,,United States,,"IVAX PHARMACEUTICALS NV, LLC",US10,1117,15,US,1117,15,
1119,US10,USD,10000,US,,,,,United States,,"IVAX PHARMACEUTICALS CARIBE, INC.",US10,1118,16,US,1118,16,
1120,US10,USD,10000,US,,,,,United States,,"DORAL MANUFACTURING, INC.",US10,1119,17,US,1119,17,
1122,US10,USD,10000,US,,,,,United States,,"INDIANA PROTEIN TECHNOLOGIES, INC.",US10,1120,18,US,1120,18,
1124,US10,USD,10000,US,,,,,United States,,TEVA RESPIRATORY LLC,US10,1122,19,US,1122,19,
1125,US10,USD,10000,US,,,,,United States,,"IVAX LABORATORIES PUERTO RICO, INC.",US10,1124,20,US,1124,20,
1127,US10,USD,10000,US,,,,,United States,,"TEVA PHARMACEUTICALS USA, INC. (SOLO)",US10,1125,21,US,1125,21,
1129,US10,USD,10000,US,,,,,United States,,"TEVA NEUROSCIENCE, INC.",US10,1127,22,US,1127,22,
1131,US10,USD,10000,US,,,,,United States,,TEVA PHARMACEUTICAL FINANCE COMPANY LLC,US10,1129,23,US,1129,23,
1134,US10,USD,10000,US,,,,,United States,,TEVA PHARMACEUTICAL FINANCE IV LLC,US10,1131,24,US,1131,24,
1136,US10,USD,10000,US,,,,,United States,,LABRYS BIOLOGICS INC.,US10,1134,25,US,1134,25,
1137,US10,USD,10000,US,,,,,United States,,"IVAX SPECIALTY CHEMICALS SUB, LLC",US10,1136,26,US,1136,26,
1138,US10,USD,10000,US,,,,,United States,,IVAX LLC,US10,1137,27,US,1137,27,
1139,US10,USD,10000,US,,,,,United States,,"BAKER NORTON U.S., INC.",US10,1138,28,US,1138,28,
1140,US10,USD,10000,US,,,,,United States,,IVAX (BERMUDA) LTD.,US10,1139,29,US,1139,29,
1141,US10,USD,10000,US,,,,,United States,,IVAX HOLDINGS C.I.,US10,1140,30,US,1140,30,
1142,US10,USD,10000,US,,,,,United States,,AUSPEX PHARMACEUTICALS LLC,US10,1141,31,US,1141,31,
1143,US10,USD,10000,US,,,,,United States,,"TEVA DIGITAL HEALTH, INC.",US10,1142,32,US,1142,32,
1146,US10,USD,10000,US,,,,,United States,,BARR PHARMACEUTICALS LLC,US10,1143,33,US,1143,33,
1148,US10,USD,10000,US,,,,,United States,,BARR LABORATORIES LLC,US10,1146,34,US,1146,34,
1149,US10,USD,10000,US,,,,,United States,,BARR INTERNATIONAL SERVICES INC.,US10,1148,35,US,1148,35,
1150,US10,USD,10000,US,,,,,United States,,"TEVA BRANDED PHARMACEUTICAL PRODUCTS R&D, LLC",US10,1149,36,US,1149,36,
1151,US10,USD,10000,US,,,,,United States,,"TEVA WOMENS HEALTH, LLC",US10,1150,37,US,1150,37,
1152,US10,USD,10000,US,,,,,United States,,"TEVA SALES AND MARKETING, INC.",US10,1151,38,US,1151,38,
1153,US10,USD,10000,US,,,,,United States,,ODYSSEY PHARMACEUTICALS INC.,US10,1152,39,US,1152,39,
1155,US10,USD,10000,US,,,,,United States,,"PLIVA, INC.",US10,1153,40,US,1153,40,
1156,US10,USD,10000,US,,,,,United States,,GECKO HEALTH INNOVATIONS INC.,US10,1155,41,US,1155,41,
1157,US10,USD,10000,US,,,,,United States,,"ACTAVIS ELIZABETH, LLC",US10,1156,42,US,1156,42,
1158,US10,USD,10000,US,,,,,United States,,ACTAVIS KADIAN LLC,US10,1157,43,US,1157,43,
1159,US10,USD,10000,US,,,,,United States,,ACTAVIS LLC,US10,1158,44,US,1158,44,
1160,US10,USD,10000,US,,,,,United States,,"ACTAVIS MID ATLANTIC, LLC",US10,1159,45,US,1159,45,
1161,US10,USD,10000,US,,,,,United States,,"ACTAVIS PHARMA INC.(F/K/A WATSON PHARMA, INC.)",US10,1160,46,US,1160,46,
1162,US10,USD,10000,US,,,,,United States,,"ACTAVIS SOUTH ATLANTIC, LLC",US10,1161,47,US,1161,47,
1163,US10,USD,10000,US,,,,,United States,,ACTAVIS TOTOWA LLC,US10,1162,48,US,1162,48,
1164,US10,USD,10000,US,,,,,United States,,ACTAVIS US HOLDING LLC,US10,1163,49,US,1163,49,
1165,US10,USD,10000,US,,,,,United States,,COBALT LABORATORIES LLC,US10,1164,50,US,1164,50,
1171,US10,USD,10000,US,,,,,United States,,WATSON LABORATORIES INC. (CONNECTICUT),US10,1165,51,US,1165,51,
1172,US10,USD,10000,US,,,,,United States,,WATSON LABORATORIES INC. (CORONA),US10,1171,52,US,1171,52,
1174,US10,USD,10000,US,,,,,United States,,WATSON LABORATORIES LLC,US10,1172,53,US,1172,53,
1177,US10,USD,10000,US,,,,,United States,,"ACTAVIS LABORATORIES UT, INC.(F/K/A WATSON LABORATORIES INC)",US10,1174,54,US,1174,54,
1178,US10,USD,10000,US,,,,,United States,,"ACTAVIS LABORATORIES FL, INC.(F/K/A WATSON LAB, INC. - FL)",US10,1177,55,US,1177,55,
1179,US10,USD,10000,US,,,,,United States,,WATSON MANAGEMENT CORPORATION,US10,1178,56,US,1178,56,
1180,US10,USD,10000,US,,,,,United States,,"WATSON MANUFACTURING SERVICES, INC.",US10,1179,57,US,1179,57,
1181,US10,USD,10000,US,,,,,United States,,"ACTAVIS PHARMACEUTICALS NJ, INC.(F/K/A WATSON PHARM (NJ)INC)",US10,1180,58,US,1180,58,
1182,US10,USD,10000,US,,,,,United States,,"WATSON THERAPEUTICS, INC.",US10,1181,59,US,1181,59,
1183,US10,USD,10000,US,,,,,United States,,ANDRX INACTIVE,US10,1182,60,US,1182,60,
1184,US10,USD,10000,US,,,,,United States,,"ACTAVIS PUERTO RICO HOLDINGS, INC.",US10,1183,61,US,1183,61,
1187,US10,USD,10000,US,,,,,United States,,"ANDA, INC.",US10,1184,62,US,1184,62,
1188,US10,USD,10000,US,,,,,United States,,"ANDA PHARMACEUTICALS, INC.",US10,1187,63,US,1187,63,
1191,US10,USD,10000,US,,,,,United States,,NEW CARIBE CFC,US10,1188,64,US,1188,64,
1194,US10,USD,10000,US,,,,,United States,,ACTAVIS HOLDCO US INC,US10,1191,65,US,1191,65,
1196,US10,USD,10000,US,,,,,United States,,ANDA HOLDCO CORP.,US10,1194,66,US,1194,66,
1202,US10,USD,10000,US,,,,,United States,,TEVA PHARMACEUTICAL R&D LP,US10,1196,67,US,1196,67,
1600,US10,USD,10000,US,,,,,United States,,Cupric Holding Co. LLC,US10,1202,68,US,1202,68,
1601,US20,USD,10000,US,,,,,United States,,"NOVOPHARM HOLDINGS, INC.",US20,,1,US,1600,69,
1602,US10,USD,10000,US,,,,,United States,,PHARMA DE ESPANA INC.,US10,1600,69,US,1601,70,
1701,US10,USD,10000,US,,,,,United States,,TEVA API INC.,US10,1602,70,US,1602,71,
1730,PR10,USD,10000,PR,,,,,Puerto Rico,,TAPI PUERTO RICO INC.,PR10,,1,PR,,1,
1731,US10,USD,10000,US,,,,,United States,,"TEVA PUERTO RICO, LLC",US10,1701,71,US,1701,72,
1732,US10,USD,10000,US,,,,,United States,,ANDA PUERTO RICO INC.,US10,1731,72,US,1731,73,
1740,VG20,USD,10000,VG,,,,,"Virgin Islands, British",,WATSON PHARMACEUTICALS (ASIA) LTD.,VG20,,1,VG,,1,
1741,VG30,CNY,10000,VG,,,,,"Virgin Islands, British",,WP HOLDINGS LTD.,VG30,,1,VG,1740,2,
20000,,,,,,,,,,,20000,Z_CUNIT_RC,10000,2,,,,
2001,AR10,ARS,30000,AR,,,,,Argentina,,IVAX ARGENTINA S.A.,AR10,,1,AR,,1,
2005,CL10,CLP,30000,CL,,,,,Chile,,LABORATORIO CHILE S.A.,CL10,,1,CL,,1,
2006,CL10,CLP,30000,CL,,,,,Chile,,PHARMATRADE S.A.,CL10,2005,2,CL,2005,2,
2007,CL20,USD,30000,CL,,,,,Chile,,TEVA INVERSIONES Y EXPORTACIONES SPA,CL20,,1,CL,2006,3,
2011,BR10,BRL,30000,BR,,,,,Brazil,,TEVA FARMACEUTICA LTDA,BR10,,1,BR,,1,
2012,BR20,BRL,30000,BR,,,,,Brazil,,TAPI BRAZIL LTDA,BR20,,1,BR,2011,2,
2021,MX10,MXN,30000,MX,,,,,Mexico,,"INMOBILIARIA LEMERY, S.A. DE C.V.",MX10,,1,MX,,1,
2022,MX10,MXN,30000,MX,,,,,Mexico,,LEMERY S.A. DE C.V.,MX10,2021,2,MX,2021,2,
2023,MX30,MXN,30000,MX,,,,,Mexico,,SICOR DE MEXICO S.A. DE C.V.,MX30,,1,MX,2022,3,
2024,MX10,MXN,30000,MX,,,,,Mexico,,TEVA PHARMACEUTICALS MEXICO S.A. DE C.V.,MX10,2022,3,MX,2023,4,
2025,MX10,MXN,30000,MX,,,,,Mexico,,IVAX PHARMACEUTICALS MEXICO S.A. DE C.V.,MX10,2024,4,MX,2024,5,
2027,MX20,MXN,30000,MX,,,,,Mexico,,INTERLAB PHARMACEUTICA S.A. DE C.V,MX20,,1,MX,2025,6,
2028,MX20,MXN,30000,MX,,,,,Mexico,,INMOBILIARIA LEYFE S.A. DE C.V.,MX20,2027,2,MX,2027,7,
2029,MX20,MXN,30000,MX,,,,,Mexico,,"Teva Pharma Mexico, S.A. de C.V.",MX20,2028,3,MX,2028,8,
2030,MX10,MXN,30000,MX,,,,,Mexico,,WATSON LABORATORIES S. DE R.L. DE C.V.,MX10,2025,5,MX,2029,9,
2031,MX10,MXN,30000,MX,,,,,Mexico,,ACTAVIS S. DE R.L. DE C.V.,MX10,2030,6,MX,2030,10,
2032,MX10,MXN,30000,MX,,,,,Mexico,,ACTAVIS PHARMA S. DE R.L. DE C.V. (FKA WATSONPH.S.DERLDECV),MX10,2031,7,MX,2031,11,
2041,CO10,COP,30000,CO,,,,,Colombia,,TEVA PHARMACEUTICALS COLOMBIA S.A.,CO10,,1,CO,,1,
2046,PA10,USD,30000,PA,,,,,Panama,,"TEVA PHARMACEUTICALS PANAMA, S.A.",PA10,,1,PA,,1,
2051,PE10,PEN,30000,PE,,,,,Peru,,TEVA PERU S.A.,PE10,,1,PE,,1,
2062,UY20,UYU,30000,UY,,,,,Uruguay,,TEVA URUGUAY S.A.,UY20,,1,UY,,1,
2071,VA10,VEF,30000,VE,,,,,Venezuela,,"LABORATORIOS ELMOR, S.A.",VA10,,1,VE,,1,
2072,VA10,VEF,30000,VE,,,,,Venezuela,,"ELMOR, S.A.",VA10,2071,2,VE,2071,2,
2073,VA10,VEF,30000,VE,,,,,Venezuela,,OFA CA,VA10,2072,3,VE,2072,3,
2074,VA10,VEF,30000,VE,,,,,Venezuela,,LABORATORIOS ELMOR S.A. (GUACARA),VA10,2073,4,VE,2073,4,
2075,VA10,VEF,30000,VE,,,,,Venezuela,,"NATURAL HEALTH PRODUCTS CORPORATION, C.A.",VA10,2074,5,VE,2074,5,
2076,VA10,VEF,30000,VE,,,,,Venezuela,,"CORPORACION MEDCO, C.A.",VA10,2075,6,VE,2075,6,
30000,,,,,,,,,,,30000,Z_CUNIT_RC,20000,3,,,,
3003,CL20,USD,30000,CL,,,,,Chile,,LBC INTERNATIONAL CORP.,CL20,2007,2,CL,2007,4,
3013,NL10,USD,20000,NL,,,,,Netherlands,,TEVA PHARMACEUTICALS CURACAO N.V.,NL10,,1,NL,,1,
3016,NL10,USD,20000,NL,,,,,Netherlands,,TEVA PHARMACEUTICAL FINANCE COMPANY B.V.,NL10,3013,2,NL,3013,2,
3018,CH40,EUR,20000,CH,,,,,Switzerland,,TEVA FINANCE SERVICES II B.V.,CH40,,1,CH,,1,
3041,JM10,USD,10000,JM,,,,,Jamaica,,BELMAC JAMAICA LTD.,JM10,,1,JM,,1,
4007,CZ10,CZK,20000,CZ,,,,,Czech Republic,,TEVA PHARMACEUTICALS CR S.R.O.,CZ10,,1,CZ,,1,
4009,CZ20,CZK,20000,CZ,,,,,Czech Republic,,TEVA CZECH INDUSTRIES S.R.O.,CZ20,,1,CZ,4007,2,
4011,CZ30,CZK,20000,CZ,,,,,Czech Republic,,TAPI CZECH INDUSTRIES S.R.O.,CZ30,,1,CZ,4009,3,
4015,DK10,DKK,20000,DK,,,,,Denmark,,TEVA DENMARK A/S,DK10,,1,DK,,1,
4017,DK20,USD,20000,DK,,,,,Denmark,,ARROW GROUP APS,DK20,,1,DK,4015,2,
4018,MT30,USD,20000,MT,,,,,Malta,,ARROW APS,MT30,,1,MT,,1,
4019,FI10,EUR,20000,FI,,,,,Finland,,Teva Finland Oy,FI10,,1,FI,,1,
4021,FR10,EUR,20000,FR,,,,,France,,TEVA LABORATOIRES,FR10,,1,FR,,1,
4022,FR10,EUR,20000,FR,,,,,France,,TEVA SANTE SAS,FR10,4021,2,FR,4021,2,
4031,DE10,EUR,20000,DE,,,,,Germany,,TEVA GMBH,DE10,,1,DE,,1,
4033,DE20,EUR,20000,DE,,,,,Germany,,TEVA HEALTH GMBH,DE20,,1,DE,4031,2,
4034,DE40,EUR,20000,DE,,,,,Germany,,TEVA BIOTECH GMBH,DE40,,1,DE,4033,3,
4035,DE50,EUR,20000,DE,,,,,Germany,,MERCKLE GMBH,DE50,,1,DE,4034,4,
4036,DE60,EUR,20000,DE,,,,,Germany,,TRANSPHARM LOGISTIK GMBH,DE60,,1,DE,4035,5,
4037,DE70,EUR,20000,DE,,,,,Germany,,RATIOPHARM IMMOBILIENVERWALTUNG GMBH & CO KG,DE70,,1,DE,4036,6,
4038,DE80,EUR,20000,DE,,,,,Germany,,RATIOPHARM GMBH,DE80,,1,DE,4037,7,
4039,DE90,EUR,20000,DE,,,,,Germany,,ABZ-PHARMA GMBH,DE90,,1,DE,4038,8,
4041,DE100,EUR,20000,DE,,,,,Germany,,PLIVA REAL ESTATE GMBH,DE100,,1,DE,4039,9,
4051,HU10,HUF,20000,HU,,,,,Hungary,,TEVA Pharmaceutical Works Private Limited Company,HU10,,1,HU,,1,
4055,CH60,EUR,20000,CH,,,,,Switzerland,,NATURE EUROPE SPV LIMITED,CH60,,1,CH,3018,2,
4056,IE50,EUR,20000,IE,,,,,Ireland,,TEVA PHARMACEUTICALS IRELAND,IE50,,1,IE,,1,
4057,IE30,EUR,20000,IE,,,,,Ireland,,Tosara Pharma Limited,IE30,,1,IE,4056,2,
4061,IT30,EUR,20000,IT,,,,,Italy,,Sicor Società Italiana Corticosteroidi S.r.l.,IT30,,1,IT,,1,
4062,IT10,EUR,20000,IT,,,,,Italy,,Teva Italia S.r.l.,IT10,,1,IT,4061,2,
4069,NL80,EUR,20000,NL,,,,,Netherlands,,TAPI INTERNATIONAL BV,NL80,,1,NL,3016,3,
4070,NL30,EUR,20000,NL,,,,,Netherlands,,ACTAVIS DUTCH HOLDING BV,NL30,,1,NL,4069,4,
4071,NL20,EUR,20000,NL,,,,,Netherlands,,TAPI NL B.V.,NL20,,1,NL,4070,5,
4072,NL30,EUR,20000,NL,,,,,Netherlands,,Teva Nederland B.V.,NL30,4070,2,NL,4071,6,
4073,NL30,EUR,20000,NL,,,,,Netherlands,,Pharmachemie B.V.,NL30,4072,3,NL,4072,7,
4076,NL40,EUR,20000,NL,,,,,Netherlands,,Teva Pharmaceuticals Finance Netherlands B.V.,NL40,,1,NL,4073,8,
4077,NL40,EUR,20000,NL,,,,,Netherlands,,Teva B.V.,NL40,4076,2,NL,4076,9,
4078,NL60,EUR,20000,NL,,,,,Netherlands,,TEVA LOGISTICS SERVICES B.V.,NL60,,1,NL,4077,10,
4079,NL40,EUR,20000,NL,,,,,Netherlands,,Teva Pharma B.V.,NL40,4077,3,NL,4078,11,
4080,NL30,EUR,20000,NL,,,,,Netherlands,,TEVA ACTAVIS HOLDING B.V,NL30,4073,4,NL,4079,12,
4081,NL40,EUR,20000,NL,,,,,Netherlands,,Teva Pharmaceuticals Europe B.V.,NL40,4079,4,NL,4080,13,
4083,NL60,EUR,20000,NL,,,,,Netherlands,,Teva Pharmaceutical Finance Netherlands II B.V.,NL60,4078,2,NL,4081,14,
4085,NL60,EUR,20000,NL,,,,,Netherlands,,Maancirkel Holding B.V.,NL60,4083,3,NL,4083,15,
4086,NL30,EUR,20000,NL,,,,,Netherlands,,IVAX International B.V.,NL30,4080,5,NL,4085,16,
4087,NL10,USD,20000,NL,,,,,Netherlands,,TEVA PHARMACEUTICAL FINANCE NETHERLANDS III B.V.,NL10,3016,3,NL,4086,17,
4089,NL10,USD,20000,NL,,,,,Netherlands,,Rakepoll Holding B.V.,NL10,4087,4,NL,4087,18,
4091,NL10,USD,20000,NL,,,,,Netherlands,,Teva Finance Holding B.V.,NL10,4089,5,NL,4089,19,
4092,NL30,EUR,20000,NL,,,,,Netherlands,,ACTAVIS HOLDING ASIA BV,NL30,4086,6,NL,4091,20,
4095,NL70,CHF,20000,NL,,,,,Netherlands,,TEVA PHARMACEUTICAL FINANCE NETHERLANDES IV B.V.,NL70,,1,NL,4092,21,
4098,GB70,USD,20000,GB,,,,,United Kingdom,,Norton Healthcare Limited,GB70,,1,GB,,1,
4099,GB10,GBP,20000,GB,,,,,United Kingdom,,Teva UK Limited,GB10,,1,GB,4098,2,
4100,GB20,GBP,20000,GB,,,,,United Kingdom,,Teva UK Holdings Limited,GB20,,1,GB,4099,3,
4102,GB10,GBP,20000,GB,,,,,United Kingdom,,Teva Pharmaceuticals Limited,GB10,4099,2,GB,4100,4,
4103,GB80,USD,20000,GB,,,,,United Kingdom,,Orvet UK,GB80,,1,GB,4102,5,
4104,GB10,GBP,20000,GB,,,,,United Kingdom,,Cephalon (UK) Limited,GB10,4102,3,GB,4103,6,
4109,GB10,GBP,20000,GB,,,,,United Kingdom,,PLIVA Pharma Limited,GB10,4104,4,GB,4104,7,
4113,GB60,GBP,20000,GB,,,,,United Kingdom,,ALLERGAN UK GROUP LTD,GB60,,1,GB,4109,8,
4114,GB80,USD,20000,GB,,,,,United Kingdom,,TEVA UK HOLDCO 1 LIMITED,GB80,4103,2,GB,4113,9,
4115,GB80,USD,20000,GB,,,,,United Kingdom,,TEVA UK HOLDCO 2 LIMITED,GB80,4114,3,GB,4114,10,
4116,GB80,USD,20000,GB,,,,,United Kingdom,,TEVA UK HOLDCO 3 LIMITED,GB80,4115,4,GB,4115,11,
4122,GB60,GBP,20000,GB,,,,,United Kingdom,,BREATH LIMITED,GB60,4113,2,GB,4116,12,
4124,GB50,GBP,20000,GB,,,,,United Kingdom,,TEVA NI LIMITED,GB50,,1,GB,4122,13,
4125,GB60,GBP,20000,GB,,,,,United Kingdom,,FOREST LAB UK LTD,GB60,4122,3,GB,4124,14,
4126,GB60,GBP,20000,GB,,,,,United Kingdom,,ACTAVIS HOLDINGS UK II LTD.,GB60,4125,4,GB,4125,15,
4127,GB60,GBP,20000,GB,,,,,United Kingdom,,ACTAVIS HOLDINGS UK LTD.,GB60,4126,5,GB,4126,16,
4128,GB60,GBP,20000,GB,,,,,United Kingdom,,ARROW GENERICS LTD.,GB60,4127,6,GB,4127,17,
4133,GB60,GBP,20000,GB,,,,,United Kingdom,,AUDEN MCKENZIE HOLDINGS LIMITED,GB60,4128,7,GB,4128,18,
4134,GB60,GBP,20000,GB,,,,,United Kingdom,,AUDEN MCKENZIE (PHARMA DIVISION) LIMITED,GB60,4133,8,GB,4133,19,
4135,GB60,GBP,20000,GB,,,,,United Kingdom,,NRIM LIMITED,GB60,4134,9,GB,4134,20,
4136,GB60,GBP,20000,GB,,,,,United Kingdom,,LIME PHARMA LIMITED,GB60,4135,10,GB,4135,21,
4137,GB20,GBP,20000,GB,,,,,United Kingdom,,TEVA PHARMA HOLDINGS LIMITED,GB20,4100,2,GB,4136,22,
4140,GB60,GBP,20000,GB,,,,,United Kingdom,,TEVA MILBROOK HOLDINGS LIMITED (GBP),GB60,4136,11,GB,4137,23,
4141,CH10,USD,20000,CH,,,,,Switzerland,,PLUS CHEMICALS BRANCH OF TEVA PHARMACEUTICALS INTERNATIONAL,CH10,,1,CH,4055,3,
4142,GB60,GBP,20000,GB,,,,,United Kingdom,,TEVA ACQUISITION LIMITED (GBP),GB60,4140,12,GB,4140,24,
4144,CH20,CHF,20000,CH,,,,,Switzerland,,Teva Capital Services Switzerland GmbH,CH20,,1,CH,4141,4,
4146,CH30,CHF,20000,CH,,,,,Switzerland,,Teva Pharma AG,CH30,,1,CH,4144,5,
4150,CH80,CHF,20000,CH,,,,,Switzerland,,Mepha Pharma AG,CH80,,1,CH,4146,6,
4151,HU40,HUF,20000,HU,,,,,Hungary,,TAPI HUNGARY INDUSTRIES KFT (FORMER NAME ORVET KFT - EST. 7,HU40,,1,HU,4051,2,
4152,CH90,CHF,20000,CH,,,,,Switzerland,,TEVA PHARMACEUTICALS INTERNATIONAL GMBH,CH90,,1,CH,4150,7,
4171,PT10,EUR,20000,PT,,,,,Portugal,,Teva Pharma - Produtos Farmacêuticos Lda,PT10,,1,PT,,1,
4173,PT10,EUR,20000,PT,,,,,Portugal,,"ratiopharm - Comercio e Industria de Produtos Farmaceuticos,",PT10,4171,2,PT,4171,2,
4181,PL10,PLN,20000,PL,,,,,Poland,,TEVA PHARMACEUTICALS POLSKA SP. ZO.O,PL10,,1,PL,,1,
4183,PL10,PLN,20000,PL,,,,,Poland,,TEVA OPERATIONS POLAND SP. Z O.O.,PL10,4181,2,PL,4181,2,
4201,ES10,EUR,20000,ES,,,,,Spain,,TEVA PHARMA S.L.U.,ES10,,1,ES,,1,
4223,IE60,EUR,20000,IE,,,,,Ireland,,Norton Creams Ltd,IE60,,1,IE,4057,3,
4232,RU20,RUB,30000,RU,,,,,Russian Federation,,Teva Limited Liability Company,RU20,,1,RU,,1,
4241,UA20,UAH,30000,UA,,,,,Ukraine,,Limited Liability Company Teva Ukraine,UA20,,1,UA,,1,
4243,UA10,UAH,30000,UA,,,,,Ukraine,,Actavis Ukraine LLC,UA10,,1,UA,4241,2,
4255,HU20,USD,20000,HU,,,,,Hungary,,NATURE NA SEC DAC,HU20,,1,HU,4151,3,
4271,SK10,EUR,20000,SK,,,,,Slovakia,,TEVA Pharmaceuticals Slovakia s.r.o.,SK10,,1,SK,,1,
4275,SI10,EUR,20000,SI,,,,,Slovenia,,PLIVA Ljubljana d.o.o.,SI10,,1,SI,,1,
4283,RS10,RSD,20000,RS,,,,,Serbia,,Actavis d.o.o. Belgrade,RS10,,1,RS,,1,
4285,RO10,RON,20000,RO,,,,,Romania,,Teva Pharmaceuticals S.R.L.,RO10,,1,RO,,1,
4287,RO20,RON,20000,RO,,,,,Romania,,SINDAN PHARMA SRL,RO20,,1,RO,4285,2,
4291,LT10,EUR,20000,LT,,,,,Lithuania,,Teva Baltics,LT10,,1,LT,,1,
4293,LT10,EUR,20000,LT,,,,,Lithuania,,Teva Baltics (Estonia),LT10,4291,2,LT,4291,2,
4294,LT10,EUR,20000,LT,,,,,Lithuania,,Teva Baltics (Latvia),LT10,4293,3,LT,4293,3,
4295,MK10,MKD,20000,MK,,,,,Macedonia,,PLIVA SKOPJE d.o.o.,MK10,,1,MK,,1,
4301,HR10,EUR,20000,HR,,,,,Croatia,,PLIVA HRVATSKA d.o.o.,HR10,,1,HR,,1,
4302,HR20,EUR,20000,HR,,,,,Croatia,,TAPI Croatia Industries d.o.o.,HR20,,1,HR,4301,2,
4321,AT10,EUR,20000,AT,,,,,Austria,,ratiopharm Arzneimittel Vertriebs-GmbH,AT10,,1,AT,,1,
4325,BE10,EUR,20000,BE,,,,,Belgium,,Teva Pharma Belgium N.V.,BE10,,1,BE,,1,
4331,BA10,BAM,20000,BA,,,,,Bosnia and Herzegovina,,PLIVA d.o.o. SARAJEVO,BA10,,1,BA,,1,
4336,BG10,BGN,20000,BG,,,,,Bulgaria,,BALKANPHARMA DUPNITZA AD,BG10,,1,BG,,1,
4337,BG10,BGN,20000,BG,,,,,Bulgaria,,BALKANPHARMA TROYAN AD,BG10,4336,2,BG,4336,2,
4338,BG10,BGN,20000,BG,,,,,Bulgaria,,Teva Pharma EAD,BG10,4337,3,BG,4337,3,
4341,NO10,NOK,20000,NO,,,,,Norway,,Teva Norway AS,NO10,,1,NO,,1,
4344,IS20,EUR,20000,IS,,,,,Iceland,,ACTAVIS GROUP PTC EHF,IS20,,1,IS,,1,
4345,SE10,SEK,20000,SE,,,,,Sweden,,Teva Sweden AB,SE10,,1,SE,,1,
4346,IS80,EUR,20000,IS,,,,,Iceland,,MEDIS EHF,IS80,,1,IS,4344,2,
4347,IS30,EUR,20000,IS,,,,,Iceland,,Actavis Pharma Holding 4 ehf (APH4),IS30,,1,IS,4346,3,
4352,GR30,EUR,20000,GR,,,,,Greece,,TEVA PHARMACEUTICALS HELLAS S.A.,GR30,,1,GR,,1,
4355,TR20,TRY,30000,TR,,,,,Turkey,,TEVA ILA?LARI SANAYI VE TICARET ANONIM SIRKETI,TR20,,1,TR,,1,
4358,TR20,TRY,30000,TR,,,,,Turkey,,TEVA PHARMA ILAC VE SAN TIC AS,TR20,4355,2,TR,4355,2,
4381,IS40,ISK,20000,IS,,,,,Iceland,,TEVA PHARMA ICELAND EHF.,IS40,,1,IS,4347,4,
4400,MT10,EUR,20000,MT,,,,,Malta,,ACTAVIS INTERNATIONAL LTD.,MT10,,1,MT,4018,2,
4401,MT20,EUR,20000,MT,,,,,Malta,,ACTAVIS LTD.,MT20,,1,MT,4400,3,
4402,MT30,USD,20000,MT,,,,,Malta,,ARROW INTERNATIONAL LTD.,MT30,4018,2,MT,4401,4,
4407,MT10,EUR,20000,MT,,,,,Malta,,Teva Malta Holdings Ltd,MT10,4400,2,MT,4402,5,
4410,MT30,USD,20000,MT,,,,,Malta,,ACTAVIS EXPORT PTC LTD,MT30,4402,3,MT,4407,6,
4455,HU30,USD,20000,HU,,,,,Hungary,,TEVA SPV SEC DAC,HU30,,1,HU,4255,4,
5001,IL10,ILS,30000,IL,,,,,Israel,,Teva Pharmaceutical Industries Ltd.,IL10,,1,IL,,1,
5002,IL10,ILS,30000,IL,,,,,Israel,,"Salomon, Levin & Elstein Ltd.",IL10,5001,2,IL,5001,2,
5003,IL10,ILS,30000,IL,,,,,Israel,,Assia Chemical Industries Ltd.,IL10,5002,3,IL,5002,3,
5004,IL10,ILS,30000,IL,,,,,Israel,,Plantex Ltd.,IL10,5003,4,IL,5003,4,
5005,IL10,ILS,30000,IL,,,,,Israel,,Teva Holdings Ltd.,IL10,5004,5,IL,5004,5,
5006,IL10,ILS,30000,IL,,,,,Israel,,Abic Marketing Ltd.,IL10,5005,6,IL,5005,6,
5007,IL10,ILS,30000,IL,,,,,Israel,,Abic Ltd.,IL10,5006,7,IL,5006,7,
5010,IL10,ILS,30000,IL,,,,,Israel,,INSPIRE INCUBATOR LIMITED PARTNERSHIP,IL10,5007,8,IL,5007,8,
5011,IL10,ILS,30000,IL,,,,,Israel,,Abic Investment (1959) Ltd.,IL10,5010,9,IL,5010,9,
5012,IL10,ILS,30000,IL,,,,,Israel,,Teva Medical Ltd.,IL10,5011,10,IL,5011,10,
5013,IL10,ILS,30000,IL,,,,,Israel,,Teva Nechasim Ltd.,IL10,5012,11,IL,5012,11,
5014,IL10,ILS,30000,IL,,,,,Israel,,Teva Medical (Marketing) Ltd.,IL10,5013,12,IL,5013,12,
5015,IL10,ILS,30000,IL,,,,,Israel,,Teva tech Chemicals Ltd,IL10,5014,13,IL,5014,13,
5016,IL10,ILS,30000,IL,,,,,Israel,,Arig Investment Ltd.,IL10,5015,14,IL,5015,14,
5017,IL10,ILS,30000,IL,,,,,Israel,,Mashab Ltd.,IL10,5016,15,IL,5016,15,
5018,IL10,ILS,30000,IL,,,,,Israel,,PHARMAPLANTEX LIMITED,IL10,5017,16,IL,5017,16,
5019,IL10,ILS,30000,IL,,,,,Israel,,TEVA ONCOTEST,IL10,5018,17,IL,5018,17,
5020,IL10,ILS,30000,IL,,,,,Israel,,MEDISEEN EHEALTH LTD,IL10,5019,18,IL,5019,18,
5021,IL10,ILS,30000,IL,,,,,Israel,,RISE HEALTHCARE LTD. (ISRAEL),IL10,5020,19,IL,5020,19,
5022,IL10,ILS,30000,IL,,,,,Israel,,Novetide,IL10,5021,20,IL,5021,20,
5023,IL10,ILS,30000,IL,,,,,Israel,,MORIAH BIOTECHNOLOGY LTD,IL10,5022,21,IL,5022,21,
6001,ZA10,ZAR,30000,ZA,,,,,South Africa,,Pharmachemie (Proprietary)Limited,ZA10,,1,ZA,,1,
6003,ZA10,ZAR,30000,ZA,,,,,South Africa,,Teva Pharmaceuticals (Proprietary) Limited,ZA10,6001,2,ZA,6001,2,
6005,ZA10,ZAR,30000,ZA,,,,,South Africa,,ACTAVIS HOLDINGS SOUTH AFRICA (PTY) LTD.(F/K/A WATSON... SA),ZA10,6003,3,ZA,6003,3,
6006,ZA10,ZAR,30000,ZA,,,,,South Africa,,PHARMASCRIPT PHARMACEUTICALS LTD.,ZA10,6005,4,ZA,6005,4,
6009,ZA10,ZAR,30000,ZA,,,,,South Africa,,ACTAVIS (PTY) LTD. (F/K/A WATSON PHARMA (PTY) LTD.),ZA10,6006,5,ZA,6006,5,
6010,ZA10,ZAR,30000,ZA,,,,,South Africa,,ACTAVIS PHARMA (PTY) LTD. (F/K/A WATSON PHARMA NO 1 LTD.),ZA10,6009,6,ZA,6009,6,
6011,ZA10,ZAR,30000,ZA,,,,,South Africa,,ZELPHY 1308 (PTY) LTD.,ZA10,6010,7,ZA,6010,7,
7001,CN10,CNY,30000,CN,,,,,China,,Teva Pharmaceutical Information Consulting (Shanghai) Co. Lt,CN10,,1,CN,,1,
7003,CN20,CNY,30000,CN,,,,,China,,"Med All Information Consulting (Shanghai) Co., Ltd",CN20,,1,CN,7001,2,
7004,CN40,CNY,30000,CN,,,,,China,,"TAPI BEIJING PHARMACEUTICAL & TECHNOLOGY CO., LTD",CN40,,1,CN,7003,3,
7023,HK10,HKD,30000,HK,,,,,Hong Kong,,Teva Pharmaceutical Hong Kong Limited,HK10,,1,HK,,1,
7030,IN50,INR,30000,IN,,,,,India,,TEVA HEALTHCARE INDIA PRIVATE LIMITED,IN50,,1,IN,,1,
7031,IN30,INR,30000,IN,,,,,India,,TEVA API INDIA PRIVATE LIMITED,IN30,,1,IN,7030,2,
7032,IN40,INR,30000,IN,,,,,India,,Teva Pharmaceutical and Chemical Industries India Private Li,IN40,,1,IN,7031,3,
7033,IN70,INR,30000,IN,,,,,India,,TEVAPHARM INDIA PRIVATE LTD.,IN70,,1,IN,7032,4,
7034,IN80,INR,30000,IN,,,,,India,,Teva India Private Limited,IN80,,1,IN,7033,5,
7035,IN60,INR,30000,IN,,,,,India,,ACTAVIS PHARMA DEVELOPMENT CENTRE PVT LTD.,IN60,,1,IN,7034,6,
7036,IN20,INR,30000,IN,,,,,India,,LOTUS LABS PRIVATE LIMITED,IN20,,1,IN,7035,7,
7037,IN90,INR,30000,IN,,,,,India,,WATSON PHARMA PRIVATE LIMITED,IN90,,1,IN,7036,8,
7038,IN10,INR,30000,IN,,,,,India,,TEVA GLOBAL BUSINESS SERVICES PRIVATE LIMITED,IN10,,1,IN,7037,9,
7041,JP30,JPY,30000,JP,,,,,Japan,,TEVA API JAPAN LTD.,JP30,,1,JP,,1,
7042,JP10,JPY,30000,JP,,,,,Japan,,TEVA TAKEDA PHARMA LTD.,JP10,,1,JP,7041,2,
7043,JP20,JPY,30000,JP,,,,,Japan,,Teva Holdings KK,JP20,,1,JP,7042,3,
7045,JP40,JPY,30000,JP,,,,,Japan,,Teva Takeda Yakuhin. Ltd.,JP40,,1,JP,7043,4,
7047,JP50,JPY,30000,JP,,,,,Japan,, TEVA RESEARCH INSTITUTE GK,JP50,,1,JP,7045,5,
7061,KZ10,KZT,30000,KZ,,,,,Kazakhstan,,ratiopharm Kazakhstan LLP,KZ10,,1,KZ,,1,
7071,KR10,KRW,30000,KR,,,,,Korea,,"Teva-Handok Pharma Co., Ltd.",KR10,,1,KR,,1,
7081,SG20,USD,30000,SG,,,,,Singapore,,Teva Pharmaceutical Investments Singapore Pte. Ltd,SG20,,1,SG,,1,
7090,ID10,IDR,30000,ID,,,,,Indonesia,,PT ACTAVIS INDONESIA,ID10,,1,ID,,1,
7101,MY10,MYR,30000,MY,,,,,Malaysia,,ACTAVIS SDN. BHD (F/K/A ASCENT PHARMAHEALTHMALAYSIASDN.),MY10,,1,MY,,1,
7800,IS60,EUR,30000,IS,,,,,Iceland,,ACTAVIS ROW PPA,IS60,,1,IS,4381,5,
7801,IS70,EUR,20000,IS,,,,,Iceland,,EX-ACTAVIS EU IP,IS70,,1,IS,7800,6,
8001,AU20,AUD,30000,AU,,,,,Australia,,Teva Pharmaceuticals Australia Pty Ltd,AU20,,1,AU,,1,
8002,AU20,AUD,30000,AU,,,,,Australia,,Cephalon Australia (VIC) Pty Ltd,AU20,8001,2,AU,8001,2,
8004,AU20,AUD,30000,AU,,,,,Australia,,Teva Pharma Australia Pty Ltd,AU20,8002,3,AU,8002,3,
8010,AU10,AUD,30000,AU,,,,,Australia,,MEDIS PHARMA PTY LTD. (F/K/A SPIRIT PHARMACEUTICALS PTY LTD),AU10,,1,AU,8004,4,
8014,AU20,AUD,30000,AU,,,,,Australia,,WILLOW PHARMACEUTICALS (AUSTRALIA) PTY LTD.,AU20,8004,4,AU,8010,5,
8020,NZ10,NZD,30000,NZ,,,,,New Zealand,,TEVA PHARMA (NEW ZEALAND) LIMITED,NZ10,,1,NZ,,1,
9901,GB70,USD,20000,GB,,,,,United Kingdom,,UK dormant companies,GB70,4098,2,GB,4142,25,
A500,IL10,USD,30000,IL,,,,,Israel,,IL Oracle Adjustments,IL10,5023,22,IL,5023,22,
AR,,,,,,,,,,,Argentina,30000,CA,2,,SK,34,
AR10,,,,,,,,,,,IVAX ARGENTINA CONSOLIDATED,AR,,1,,,,
AT,,,,,,,,,,,Austria,20000,HR,23,,,1,
AT10,,,,,,,,,,,RATIOPHARM ARZNEIMITTEL VERTRIEBS GMBH,AT,,1,,,,
AU,,,,,,,,,,,Australia,30000,MY,25,,AR,35,
AU10,,,,,,,,,,,MEDIS PHARMA PTY LTD. (F/K/A SPIRIT PHARMACEUTICALS PTY LTD),AU,AU20,2,,,,
AU20,,,,,,,,,,,TEVA PHARMACEUTICALS AUSTRALIA PTY LTD,AU,,1,,,,
Argentina,,ARS,,,,,,,Argentina,,DUMMY Midpoint,Not In Hierarchy,,1,,,,
Australia,,AUD,,,,,,,Australia,,DUMMY Midpoint,Not In Hierarchy,Argentina,2,,,,
Austria,,EUR,,,,,,,Austria,,DUMMY Midpoint,Not In Hierarchy,Australia,3,,,,
Azerbaijan,,AZN,,,,,,,Azerbaijan,,DUMMY Midpoint,Not In Hierarchy,Austria,4,,,,
BA,,,,,,,,,,,Bosnia and Herzegovina,20000,BE,25,,VG,7,
BA10,,,,,,,,,,,PLIVA D.O.O. SARAJEVO,BA,,1,,,,
BE,,,,,,,,,,,Belgium,20000,AT,24,,BA,8,
BE10,,,,,,,,,,,TEVA PHARMA BELGIUM N.V.,BE,,1,,,,
BG,,,,,,,,,,,Bulgaria,20000,BA,26,,BE,9,
BG10,,,,,,,,,,,TEVA PHARMACEUTICALS BULGARIA EOOD,BG,,1,,,,
BR,,,,,,,,,,,Brazil,30000,CL,4,,AU,36,
BR10,,,,,,,,,,,TEVA FARMACEUTICA LTDA,BR,,1,,,,
BR20,,,,,,,,,,,TAPI BRAZIL LTDA,BR,BR10,2,,,,
Belarus,,BYN,,,,,,,Belarus,,DUMMY Midpoint,Not In Hierarchy,Azerbaijan,5,,,,
Belgium,,EUR,,,,,,,Belgium,,DUMMY Midpoint,Not In Hierarchy,Belarus,6,,,,
Bosnia and Herzegovina,,BAM,,,,,,,Bosnia and Herzegovina,,DUMMY Midpoint,Not In Hierarchy,Belgium,7,,,,
Brazil,,BRL,,,,,,,Brazil,,DUMMY Midpoint,Not In Hierarchy,Bosnia and Herzegovina,8,,,,
Bulgaria,,BGN,,,,,,,Bulgaria,,DUMMY Midpoint,Not In Hierarchy,Brazil,9,,,,
CA,,,,,,,,,,,Canada,30000,,1,,BR,37,
CA10,,,,,,,,,,,TEVA CANADA LIMITED,CA,,1,,,,
CH,,,,,,,,,,,Switzerland,20000,NL,2,,BG,10,
CH10,,,,,,,,,,,PLUS CHEMICALS BRANCH OF TEVA PHARMACEUTICALS INTERNATIONAL,CH,CH60,3,,,,
CH20,,,,,,,,,,,TEVA CAPITAL SERVICES SWITZERLAND GMBH,CH,CH10,4,,,,
CH30,,,,,,,,,,,TEVA PHARMA AG,CH,CH20,5,,,,
CH40,,,,,,,,,,,TEVA FINANCE SERVICES II B.V.,CH,,1,,,,
CH60,,,,,,,,,,,NATURE EUROPE SPV LIMITED,CH,CH40,2,,,,
CH80,,,,,,,,,,,MEPHA SCHWEIZ AG,CH,CH30,6,,,,
CH90,,,,,,,,,,,TEVA PHARMACEUTICALS INTERNATIONAL GMBH,CH,CH80,7,,,,
CL,,,,,,,,,,,Chile,30000,AR,3,,CA,38,
CL10,,,,,,,,,,,IVAX CHILE CONSOLIDATED,CL,,1,,,,
CL20,,,,,,,,,,,IVAX LAB CHILE URUGUAY CONSOLIDATED,CL,CL10,2,,,,
CN,,,,,,,,,,,China,30000,ZA,16,,CL,39,
CN10,,,,,,,,,,,TEVA PHARMACEUTICAL INFORMATION CONSULTING (SHANGHAI) CO. LT,CN,,1,,,,
CN20,,,,,,,,,,,MED ALL ENTERPRISE (SHANGHAI) CO. LTD.,CN,CN10,2,,,,
CN40,,,,,,,,,,,"TAPI BEIJING PHARMACEUTICAL & TECHNOLOGY CO., LTD",CN,CN20,3,,,,
CO,,,,,,,,,,,Colombia,30000,MX,6,,CN,40,
CO10,,,,,,,,,,,TEVA PHARMACEUTICALS COLOMBIA S.A.,CO,,1,,,,
CZ,,,,,,,,,,,Czech Republic,20000,CH,3,,CH,11,
CZ10,,,,,,,,,,,TEVA PHARMACEUTICALS CR S.R.O.,CZ,,1,,,,
CZ20,,,,,,,,,,,TEVA CZECH INDUSTRIES S.R.O.,CZ,CZ10,2,,,,
CZ30,,,,,,,,,,,TAPI CZECH INDUSTRIES S.R.O.,CZ,CZ20,3,,,,
Canada,,CAD,,,,,,,Canada,,DUMMY Midpoint,Not In Hierarchy,Bulgaria,10,,,,
Chile,,CLP,,,,,,,Chile,,DUMMY Midpoint,Not In Hierarchy,Canada,11,,,,
China,,CNY,,,,,,,China,,DUMMY Midpoint,Not In Hierarchy,Chile,12,,,,
Croatia,,EUR,,,,,,,Croatia,,DUMMY Midpoint,Not In Hierarchy,China,13,,,,
Curacao,,ANG,,,,,,,Curacao,,DUMMY Midpoint,Not In Hierarchy,Croatia,14,,,,
Czech Republic,,CZK,,,,,,,Czech Republic,,DUMMY Midpoint,Not In Hierarchy,Curacao,15,,,,
DD10,,,,,,,,,,,DD10,30000,NZ,27,,,,
DE,,,,,,,,,,,Germany,20000,FR,8,,AT,2,
DE10,,,,,,,,,,,TEVA GMBH,DE,,1,,,,
DE100,,,,,,,,,Germany,,PLIVA REAL ESTATE GMBH,DE,DE90,9,,,,
DE20,,,,,,,,,,,TEVA HEALTH GMBH,DE,DE10,2,,,,
DE40,,,,,,,,,,,TEVA BIOTECH GMBH,DE,DE20,3,,,,
DE50,,,,,,,,,,,MERCKLE GMBH,DE,DE40,4,,,,
DE60,,,,,,,,,,,TRANSPHARM LOGISTIK GMBH,DE,DE50,5,,,,
DE70,,,,,,,,,,,RATIOPHARM IMMOBILIENVERWALTUNG GMBH & CO KG,DE,DE60,6,,,,
DE80,,,,,,,,,,,RATIOPHARM GMBH,DE,DE70,7,,,,
DE90,,,,,,,,,,,ABZ-PHARMA GMBH,DE,DE80,8,,,,
DK,,,,,,,,,,,Denmark,20000,CZ,4,,CZ,12,
DK10,,,,,,,,,,,TEVA DENMARK A/S,DK,,1,,,,
DK20,,,,,,,,,,,ARROW GROUP APS,DK,DK10,2,,,,
Denmark,,DKK,,,,,,,Denmark,,DUMMY Midpoint,Not In Hierarchy,Czech Republic,16,,,,
E900,DD10,USD,#,#,,,,,Not assigned,,History (all 900 + 100 entities),DD10,,1,,,,
E912,NL30,EUR,20000,NL,,,,,Netherlands,,NL PHARMACHEMIE ELIMINATIONS,NL30,4092,7,NL,4095,22,
E933,PE10,PEN,30000,PE,,,,,Peru,,INFARMASA PERU ELIMINATIONS,PE10,2051,2,PE,2051,2,
E936,NL40,EUR,20000,NL,,,,,Netherlands,,NL ELIMINATION TPE,NL40,4081,5,NL,E912,23,
E937,NL10,USD,20000,NL,,,,,Netherlands,,NL ELIMINATIONS ASAPH,NL10,4091,6,NL,E936,24,
ES,,,,,,,,,,,Spain,20000,PL,15,,DK,13,
ES10,,,,,,,,,,,TEVA PHARMA S.L.U.,ES,,1,,,,
Estonia,,EUR,,,,,,,Estonia,,DUMMY Midpoint,Not In Hierarchy,Denmark,17,,,,
FI,,,,,,,,,,,Finland,20000,MT,6,,ES,14,
FI10,,,,,,,,,,,Teva Finland Oy,FI,,1,,,,
FR,,,,,,,,,,,France,20000,FI,7,,FI,15,
FR10,,,,,,,,,,,TEVA SANTE SAS,FR,,1,,,,
Finland,,EUR,,,,,,,Finland,,DUMMY Midpoint,Not In Hierarchy,Estonia,18,,,,
France,,EUR,,,,,,,France,,DUMMY Midpoint,Not In Hierarchy,Finland,19,,,,
GB,,,,,,,,,,,United Kingdom,20000,IT,12,,FR,16,
GB10,,,,,,,,,,,TEVA UK LIMITED,GB,GB70,2,,,,
GB20,,,,,,,,,,,TEVA UK HOLDINGS LIMITED,GB,GB10,3,,,,
GB50,,,,,,,,,,,WARNER CHILCOTT UK LIMITED,GB,GB60,6,,,,
GB60,,,,,,,,,,,ALLERGAN UK GROUP LTD,GB,GB80,5,,,,
GB70,,,,,,,,,,,IVAX UK CONSOLIDATED,GB,,1,,,,
GB80,,,,,,,,,,,ORVET UK USD,GB,GB20,4,,,,
GR,,,,,,,,,,,Greece,20000,SE,29,,GB,17,
GR30,,,,,,,,,,,SPECIFAR SA,GR,,1,,,,
Germany,,EUR,,,,,,,Germany,,DUMMY Midpoint,Not In Hierarchy,France,20,,,,
Greece,,EUR,,,,,,,Greece,,DUMMY Midpoint,Not In Hierarchy,Germany,21,,,,
HK,,,,,,,,,,,Hong Kong,30000,CN,17,,CO,41,
HK10,,,,,,,,,,,IVAX ASIA LTD.,HK,,1,,,,
HR,,,,,,,,,,,Croatia,20000,MK,22,,GR,18,
HR10,,,,,,,,,,,PLIVA HRVATSKA D.O.O.,HR,,1,,,,
HR20,,,,,,,,,,,TAPI SM INDUSTRIES D.O.O.,HR,HR10,2,,,,
HU,,,,,,,,,,,Hungary,20000,DE,9,,HR,19,
HU10,,,,,,,,,,,TEVA PHARMACEUTICAL WORKS PRIVATE LIMITED COMPANY,HU,,1,,,,
HU20,,,,,,,,,,,NATURE NA SEC DAC,HU,HU40,3,,,,
HU30,,,,,,,,,,,TEVA SPV SEC DAC,HU,HU20,4,,,,
HU40,,,,,,,,,,,TAPI HUNGARY INDUSTRIES KFT (FORMER NAME ORVET KFT - EST. 7,HU,HU10,2,,,,
Hong Kong,,HKD,,,,,,,Hong Kong,,DUMMY Midpoint,Not In Hierarchy,Greece,22,,,,
Hungary,,HUF,,,,,,,Hungary,,DUMMY Midpoint,Not In Hierarchy,Hong Kong,23,,,,
ID,,,,,,,,,,,Indonesia,30000,SG,23,,HK,42,
ID10,,,,,,,,,,,PT ACTAVIS INDONESIA,ID,,1,,,,
IE,,,,,,,,,,,Ireland,20000,HU,10,,HU,20,
IE30,,,,,,,,,,,Tosara Pharma Limited,IE,IE50,2,,,,
IE50,,,,,,,,,,,TEVA PHARMACEUTICALS IRELAND,IE,,1,,,,
IE60,,,,,,,,,,,Norton Creams Ltd,IE,IE30,3,,,,
IL,,,,,,,,,,,Israel,30000,TR,14,,ID,43,
IL10,,,,,,,,,,,TEVA PHARMACEUTICAL INDUSTRIES LTD.,IL,,1,,,,
IN,,,,,,,,,,,India,30000,HK,18,,IL,44,
IN10,,,,,,,,,,,TEVA GLOBAL BUSINESS SERVICES PRIVATE LIMITED,IN,IN90,9,,,,
IN20,,,,,,,,,,,LOTUS LABORATORIES PRIVATE LTD.,IN,IN60,7,,,,
IN30,,,,,,,,,,,TEVA API INDIA PRIVATE LIMITED,IN,IN50,2,,,,
IN40,,,,,,,,,,,TEVA PHARMACEUTICAL AND CHEMICAL INDUSTRIES INDIA PRIVATE LI,IN,IN30,3,,,,
IN50,,,,,,,,,,,TEVA HEALTHCARE INDIA PRIVATE LIMITED,IN,,1,,,,
IN60,,,,,,,,,,,ACTAVIS PHARMA DEVELOPMENT CENTRE PVT LTD.,IN,IN80,6,,,,
IN70,,,,,,,,,,,TEVAPHARM INDIA PRIVATE LTD.,IN,IN40,4,,,,
IN80,,,,,,,,,,,TEVA INDIA PRIVATE LIMITED,IN,IN70,5,,,,
IN90,,,,,,,,,,,WATSON PHARMA PRIVATE LIMITED,IN,IN20,8,,,,
IS,,,,,,,,,,,IS,20000,GR,30,,ZA,60,
IS20,,,,,,,,,,,ACTAVIS GROUP PTC EHF,IS,,1,,,,
IS30,,,,,,,,,,,ACTAVIS PHARMA HOLDING 4 EHF (APH4),IS,IS80,3,,,,
IS40,,,,,,,,,,,ACTAVIS PHARMACEUTICALS ICELAND EHF,IS,IS30,4,,,,
IS60,,,,,,,,,,,IS60,IS,IS40,5,,,,
IS70,,,,,,,,,,,IS70,IS,IS60,6,,,,
IS80,,,,,,,,,,,MEDIS EHF,IS,IS20,2,,,,
IT,,,,,,,,,,,Italy,20000,IE,11,,IE,21,
IT10,,,,,,,,,,,TEVA ITALIA S.R.L.,IT,IT30,2,,,,
IT30,,,,,,,,,,,SICOR SOCIETA ITALIANA CORTICOSTEROIDI S.R.L.,IT,,1,,,,
Iceland,,ISK,,,,,,,Iceland,,DUMMY Midpoint,Not In Hierarchy,Hungary,24,,,,
India,,INR,,,,,,,India,,DUMMY Midpoint,Not In Hierarchy,Iceland,25,,,,
Indonesia,,IDR,,,,,,,Indonesia,,DUMMY Midpoint,Not In Hierarchy,India,26,,,,
Ireland,,EUR,,,,,,,Ireland,,DUMMY Midpoint,Not In Hierarchy,Indonesia,27,,,,
Israel,,ILS,,,,,,,Israel,,DUMMY Midpoint,Not In Hierarchy,Ireland,28,,,,
Italy,,EUR,,,,,,,Italy,,DUMMY Midpoint,Not In Hierarchy,Israel,29,,,,
JM,,,,,,,,,,,Jamaica,10000,VG,4,,DE,3,
JM10,,,,,,,,,,,BELMAC JAMAICA LTD.,JM,,1,,,,
JP,,,,,,,,,,,Japan,30000,IN,19,,IN,45,
JP10,,,,,,,,,,,TEVA TAKEDA PHARMA LTD.,JP,JP30,2,,,,
JP20,,,,,,,,,,,Teva Holdings GK,JP,JP10,3,,,,
JP30,,,,,,,,,,,TEVA PHARMACEUTICAL KK,JP,,1,,,,
JP40,,,,,,,,,,,TEVA TAKEDA YAKUHIN,JP,JP20,4,,,,
JP50,,,,,,,,,,, TEVA RESEARCH INSTITUTE GK,JP,JP40,5,,,,
Japan,,JPY,,,,,,,Japan,,DUMMY Midpoint,Not In Hierarchy,Italy,30,,,,
KR,,,,,,,,,,,Korea,30000,KZ,21,,JP,46,
KR10,,,,,,,,,,,TEVA HANDOK PHARMA CO. LTD.,KR,,1,,,,
KZ,,,,,,,,,,,Kazakhstan,30000,JP,20,,KR,47,
KZ10,,,,,,,,,,,RATIOPHARM KAZAKHSTAN LLP,KZ,,1,,,,
Kazakhstan,,KZT,,,,,,,Kazakhstan,,DUMMY Midpoint,Not In Hierarchy,Japan,31,,,,
LT,,,,,,,,,,,Lithuania,20000,RO,20,,IT,22,
LT10,,,,,,,,,,,UAB Teva Baltics,LT,,1,,,,
Latvia,,EUR,,,,,,,Latvia,,DUMMY Midpoint,Not In Hierarchy,Kazakhstan,32,,,,
Lithuania,,EUR,,,,,,,Lithuania,,DUMMY Midpoint,Not In Hierarchy,Latvia,33,,,,
MK,,,,,,,,,,,Macedonia,20000,LT,21,,LT,23,
MK10,,,,,,,,,,,PLIVA SKOPJE D.O.O.,MK,,1,,,,
MT,,,,,,,,,,,Malta,20000,DK,5,,MK,24,
MT10,,,,,,,,,,,ACTAVIS INTERNATIONAL LTD.,MT,MT30,2,,,,
MT20,,,,,,,,,,,ACTAVIS LTD.,MT,MT10,3,,,,
MT30,,,,,,,,,,,ARROW INTERNATIONAL LTD.,MT,,1,,,,
MX,,,,,,,,,,,Mexico,30000,BR,5,,KZ,48,
MX10,,,,,,,,,,,LEMERY DESAROLLO Y CONTROL S.A.,MX,,1,,,,
MX20,,,,,,,,,,,REPRESENTACIONES E INVESTIGACIONES MEDICAS S A DE C V,MX,MX30,3,,,,
MX30,,,,,,,,,,,SICOR DE MEXICO S.A. DE C.V.,MX,MX10,2,,,,
MY,,,,,,,,,,,Malaysia,30000,ID,24,,MX,49,
MY10,,,,,,,,,,,ACTAVIS SDN. BHD (F/K/A ASCENT PHARMAHEALTHMALAYSIASDN.),MY,,1,,,,
Macedonia,,MKD,,,,,,,Macedonia,,DUMMY Midpoint,Not In Hierarchy,Lithuania,34,,,,
Malaysia,,MYR,,,,,,,Malaysia,,DUMMY Midpoint,Not In Hierarchy,Macedonia,35,,,,
Malta,,EUR,,,,,,,Malta,,DUMMY Midpoint,Not In Hierarchy,Malaysia,36,,,,
Mexico,,MXN,,,,,,,Mexico,,DUMMY Midpoint,Not In Hierarchy,Malta,37,,,,
Moldova,,EUR,,,,,,,Moldova,,DUMMY Midpoint,Not In Hierarchy,Mexico,38,,,,
Mongolia,,MNT,,,,,,,Mongolia,,DUMMY Midpoint,Not In Hierarchy,Moldova,39,,,,
NL,,,,,,,,,,,Netherlands,20000,,1,,MT,25,
NL10,,,,,,,,,,,ASAPH FARMACEUTISCHE ONDERNEMING B.V.,NL,,1,,,,
NL20,,,,,,,,,,,TEVA API B.V.,NL,NL30,4,,,,
NL30,,,,,,,,,,,PHARMACHEMIE HOLDING B.V.,NL,NL80,3,,,,
NL40,,,,,,,,,,,TEVA PHARMACEUTICALS EUROPE B.V.,NL,NL20,5,,,,
NL60,,,,,,,,,,,TPFIN II,NL,NL40,6,,,,
NL70,,,,,,,,,,,TEVA PHARMACEUTICAL FINANCE NETHERLANDES IV B.V.,NL,NL60,7,,,,
NL80,,,,,,,,,,,MEDIS PHARMA BV (F/K/A ACTAVIS HOLDING BV),NL,NL10,2,,,,
NO,,,,,,,,,,,Norway,20000,BG,27,,NL,26,
NO10,,,,,,,,,,,TEVA NORWAY AS,NO,,1,,,,
NZ,,,,,,,,,,,New Zealand,30000,AU,26,,MY,50,
NZ10,,,,,,,,,,,TEVA PHARMA (NEW ZEALAND) LIMITED,NZ,,1,,,,
Netherlands,,EUR,,,,,,,Netherlands,,DUMMY Midpoint,Not In Hierarchy,Mongolia,40,,,,
New Zealand,,NZD,,,,,,,New Zealand,,DUMMY Midpoint,Not In Hierarchy,Netherlands,41,,,,
Norway,,NOK,,,,,,,Norway,,DUMMY Midpoint,Not In Hierarchy,New Zealand,42,,,,
Not In Hierarchy,,USD,,,,,,,,,Not In Hierarchy,,Z_CUNIT_RC,3,,,,
PA,,,,,,,,,,,Panama,30000,CO,7,,NZ,51,
PA10,,,,,,,,,,,IVAX MEDCO RELATED CONSOLIDATED,PA,,1,,,,
PE,,,,,,,,,,,Peru,30000,PA,8,,PA,52,
PE10,,,,,,,,,,,TEVA PERU S.A.,PE,,1,,,,
PL,,,,,,,,,,,Poland,20000,PT,14,,NO,27,
PL10,,,,,,,,,,,TEVA POLAND CONSOLIDATED,PL,,1,,,,
PR,,,,,,,,,,,Puerto Rico,10000,US,2,,JM,4,
PR10,,,,,,,,,,,TAPI PUERTO RICO INC.,PR,,1,,,,
PT,,,,,,,,,,,Portugal,20000,GB,13,,PL,28,
PT10,,,,,,,,,,,TEVA PHARMA - PRODUTOS FARMCEUTICOS LDA,PT,,1,,,,
Panama,,PAB,,,,,,,Panama,,DUMMY Midpoint,Not In Hierarchy,Norway,43,,,,
Peru,,PEN,,,,,,,Peru,,DUMMY Midpoint,Not In Hierarchy,Panama,44,,,,
Poland,,PLN,,,,,,,Poland,,DUMMY Midpoint,Not In Hierarchy,Peru,45,,,,
Portugal,,EUR,,,,,,,Portugal,,DUMMY Midpoint,Not In Hierarchy,Poland,46,,,,
RO,,,,,,,,,,,Romania,20000,RS,19,,PT,29,
RO10,,,,,,,,,,,TEVA PHARMACEUTICALS S.R.L.,RO,,1,,,,
RO20,,,,,,,,,,,ACTAVIS SRL,RO,RO10,2,,,,
RS,,,,,,,,,,,Serbia,20000,SI,18,,RO,30,
RS10,,,,,,,,,,,ACTAVIS D.O.O. BELGRADE,RS,,1,,,,
RU,,,,,,,,,,,Russian Federation,30000,VE,11,,PE,53,
RU20,,,,,,,,,,,TEVA LIMITED LIABILITY COMPANY,RU,,1,,,,
Romania,,RON,,,,,,,Romania,,DUMMY Midpoint,Not In Hierarchy,Portugal,47,,,,
Russia,,RUB,,,,,,,Russia,,DUMMY Midpoint,Not In Hierarchy,Romania,48,,,,
SE,,,,,,,,,,,Sweden,20000,NO,28,,RS,31,
SE10,,,,,,,,,,,TEVA SWEDEN AB,SE,,1,,,,
SG,,,,,,,,,,,Singapore,30000,KR,22,,RU,54,
SG20,,,,,,,,,,,TEVA PHARMACEUTICAL INVESTMENTS SINGAPORE PTE. LTD,SG,,1,,,,
SI,,,,,,,,,,,Slovenia,20000,SK,17,,SE,32,
SI10,,,,,,,,,,,PLIVA LJUBLJANA D.O.O.,SI,,1,,,,
SK,,,,,,,,,,,Slovakia,20000,ES,16,,SI,33,
SK10,,,,,,,,,,,TEVA PHARMACEUTICALS SLOVAKIA S.R.O.,SK,,1,,,,
Serbia,,RSD,,,,,,,Serbia,,DUMMY Midpoint,Not In Hierarchy,Russia,49,,,,
Singapore,,SGD,,,,,,,Singapore,,DUMMY Midpoint,Not In Hierarchy,Serbia,50,,,,
Slovakia,,EUR,,,,,,,Slovakia,,DUMMY Midpoint,Not In Hierarchy,Singapore,51,,,,
Slovenia,,EUR,,,,,,,Slovenia,,DUMMY Midpoint,Not In Hierarchy,Slovakia,52,,,,
South Africa,,ZAR,,,,,,,South Africa,,DUMMY Midpoint,Not In Hierarchy,Slovenia,53,,,,
South Korea,,KRW,,,,,,,South Korea,,DUMMY Midpoint,Not In Hierarchy,South Africa,54,,,,
Spain,,EUR,,,,,,,Spain,,DUMMY Midpoint,Not In Hierarchy,South Korea,55,,,,
Sweden,,SEK,,,,,,,Sweden,,DUMMY Midpoint,Not In Hierarchy,Spain,56,,,,
Switzerland,,CHF,,,,,,,Switzerland,,DUMMY Midpoint,Not In Hierarchy,Sweden,57,,,,
TR,,,,,,,,,,,Turkey,30000,UA,13,,SG,55,
TR20,,,,,,,,,,,TEVA ILA?LARI SANAYI VE TICARET ANONIM SIRKETI,TR,,1,,,,
Thailand,,THB,,,,,,,Thailand,,DUMMY Midpoint,Not In Hierarchy,Switzerland,58,,,,
Turkey,,TRY,,,,,,,Turkey,,DUMMY Midpoint,Not In Hierarchy,Thailand,59,,,,
UA,,,,,,,,,,,Ukraine,30000,RU,12,,TR,56,
UA10,,,,,,,,,,,ACTAVIS UKRAINE LLC,UA,UA20,2,,,,
UA20,,,,,,,,,,,LIMITED LIABILITY COMPANY TEVA UKRAINE,UA,,1,,,,
US,,,,,,,,,,,United States,10000,,1,,PR,5,
US00,US10,USD,10000,US,,,,,United States,,US Sub CONS Adj.,US10,1732,73,US,1732,74,
US10,,,,,,,,,,,TEVA USA CONSOLIDATED,US,,1,,,,
US20,,,,,,,,,,,NOVOPHARM USA CONSOLIDATED,US,US10,2,,,,
US91,US10,USD,10000,US,,,,,United States,,TUSA CONS Adj.,US10,US00,74,US,US00,75,
US92,US10,USD,10000,US,,,,,United States,,Cephalon CONS Adj.,US10,US91,75,US,US91,76,
US93,US10,USD,10000,US,,,,,United States,,Warner Chilcott CONS Adj.,US10,US92,76,US,US92,77,
US94,US10,USD,10000,US,,,,,United States,,Anda CONS Adj.,US10,US93,77,US,US93,78,
US95,US10,USD,10000,US,,,,,United States,,TEVA HOLDCO Adj.,US10,US94,78,US,US94,79,
US96,US10,USD,10000,US,,,,,United States,,TUSA R&D Adj.,US10,US95,79,US,US95,80,
UY,,,,,,,,,,,Uruguay,30000,PE,9,,UA,57,
UY20,,,,,,,,,,,TEVA URUGUAY S.A.,UY,,1,,,,
Ukraine,,UAH,,,,,,,Ukraine,,DUMMY Midpoint,Not In Hierarchy,Turkey,60,,,,
United Kingdom,,GBP,,,,,,,United Kingdom,,DUMMY Midpoint,Not In Hierarchy,Ukraine,61,,,,
United States,,USD,,,,,,,United States,,DUMMY Midpoint,Not In Hierarchy,United Kingdom,62,,,,
Uruguay,,UYU,,,,,,,Uruguay,,DUMMY Midpoint,Not In Hierarchy,United States,63,,,,
Uzbekistan,,UZS,,,,,,,Uzbekistan,,DUMMY Midpoint,Not In Hierarchy,Uruguay,64,,,,
VA10,,,,,,,,,,,IVAX VENEZUELA CONSOLIDATED,VE,,1,,,,
VE,,,,,,,,,,,Venezuela,30000,UY,10,,UY,58,
VG,,,,,,,,,,,"Virgin Islands, British",10000,PR,3,,US,6,
VG20,,,,,,,,,,,WATSON PHARMACEUTICALS (ASIA) LTD.,VG,,1,,,,
VG30,,,,,,,,,,,WP HOLDINGS LTD.,VG,VG20,2,,,,
Venezuela,,VEF,,,,,,,Venezuela,,DUMMY Midpoint,Not In Hierarchy,Uzbekistan,65,,,,
Viet Nam,,VND,,,,,,,Viet Nam,,DUMMY Midpoint,Not In Hierarchy,Venezuela,66,,,,
ZA,,,,,,,,,,,South Africa,30000,IL,15,,VE,59,
ZA10,,,,,,,,,,,TEVA PHARMACEUTICALS (PROPRIETARY) LIMITED,ZA,,1,,,,
Z_CUNIT_RC,,USD,,,,,,,,,Cons Units by Region & Country,,#,2,,,,
